{"sections":{"main-collection-banner":{"type":"main-collection-banner","settings":{"show_collection_description":true,"show_collection_image":true,"color_scheme":"background-1"}},"main-collection-product-grid":{"type":"main-collection-product-grid","custom_css":[],"settings":{"products_per_page":20,"columns_desktop":4,"stretch_cards":false,"image_ratio":"adapt","show_secondary_image":true,"badges":"regular","show_vendor":false,"show_rating":false,"enable_quick_add":true,"swatches_option_name":"","swatches_position":"top","swatches_desktop_size":36,"swatches_mobile_size":24,"enable_filtering":true,"filter_type":"horizontal","enable_sorting":true,"columns_mobile":"2","padding_top":0,"padding_bottom":36}},"collage":{"type":"collage","blocks":{"product":{"type":"product","settings":{"product":"","second_image":false}},"collection":{"type":"collection","settings":{"collection":"all"}}},"block_order":["product","collection"],"disabled":true,"settings":{"display_id":false,"visibility":"always-display","title":"Multimedia collage","title_highlight_color":"#6d388b","heading_size":"h2","desktop_layout":"right","mobile_layout":"collage","card_styles":"product-card-wrapper","color_scheme":"background-1","padding_top":16,"padding_bottom":64,"custom_colors_background":"#ffffff","custom_gradient_background":"","custom_colors_text":"#2e2a39"}}},"order":["main-collection-banner","main-collection-product-grid","collage"]}