{"sections":{"cfca4268-6358-426c-98ab-d292aeef11e5":{"type":"slideshow","blocks":{"template--21507361505575__cfca4268-6358-426c-98ab-d292aeef11e5-slide-1":{"type":"slide","settings":{"image_overlay_opacity":0,"heading":"Image slide","title_highlight_color":"#6d388b","heading_size":"h1","subheading":"Tell your brand's story through images","button_label":"Button label","link":"","button_style_secondary":false,"atc_button_label":"","atc_product":"","atc_skip_cart":false,"box_align":"middle-center","show_text_box":true,"text_alignment":"center","color_scheme":"background-1","transparent_container_color":"white","text_alignment_mobile":"center","custom_colors_background":"#ffffff","custom_gradient_background":"","custom_colors_text":"#2e2a39","custom_colors_solid_button_background":"#dd1d1d","custom_colors_solid_button_text":"#ffffff","custom_colors_outline_button":"#dd1d1d"}},"template--21507361505575__cfca4268-6358-426c-98ab-d292aeef11e5-slide-2":{"type":"slide","settings":{"image_overlay_opacity":0,"heading":"Image slide","title_highlight_color":"#6d388b","heading_size":"h1","subheading":"Tell your brand's story through images","button_label":"Button label","link":"","button_style_secondary":false,"atc_button_label":"","atc_product":"","atc_skip_cart":false,"box_align":"middle-center","show_text_box":true,"text_alignment":"center","color_scheme":"background-1","transparent_container_color":"white","text_alignment_mobile":"center","custom_colors_background":"#ffffff","custom_gradient_background":"","custom_colors_text":"#2e2a39","custom_colors_solid_button_background":"#dd1d1d","custom_colors_solid_button_text":"#ffffff","custom_colors_outline_button":"#dd1d1d"}}},"block_order":["template--21507361505575__cfca4268-6358-426c-98ab-d292aeef11e5-slide-1","template--21507361505575__cfca4268-6358-426c-98ab-d292aeef11e5-slide-2"],"settings":{"visibility":"always-display","layout":"full_bleed","slide_height":"medium","slider_visual":"dots","desktop_pagination_position":"over","auto_rotate":false,"change_slides_speed":5,"show_text_below":true,"mobile_pagination_position":"under","accessibility_info":"Slideshow about our brand"}},"d2d3417b-e92f-428c-b221-5bceffb552be":{"type":"comparison-table","blocks":{"row_frqit4":{"type":"row","settings":{"benefit":"<strong>Benefit<\/strong>","us":true,"others":false,"others_2":false,"others_3":false}},"row_a9Qa8J":{"type":"row","settings":{"benefit":"<strong>Benefit<\/strong>","us":true,"others":false,"others_2":false,"others_3":false}},"row_NAEbjV":{"type":"row","settings":{"benefit":"<strong>Benefit<\/strong>","us":true,"others":false,"others_2":false,"others_3":false}}},"block_order":["row_frqit4","row_a9Qa8J","row_NAEbjV"],"settings":{"display_id":false,"visibility":"always-display","title":"Comparison table","title_highlight_color":"#6d388b","heading_size":"h1","text":"<p>Talk about how and why is your brand better than the others.<\/p>","button_label":"","link":"","button_style_secondary":false,"atc_button_label":"","atc_product":"","atc_skip_cart":false,"desktop_alignment":"center","mobile_alignment":"center","color_scheme":"background-1","layout":"table_second","style":"centered","corner_radius":20,"number_of_competitors":1,"us_label":"[shop_name]","us_label_size":18,"logo_width":90,"mobile_logo_width":60,"others_label":"Others","others_label_size":18,"others_logo_width":90,"others_mobile_logo_width":60,"others_2_label":"Competitor 2","others_2_label_size":18,"others_2_logo_width":90,"others_2_mobile_logo_width":60,"others_3_label":"Competitor 3","others_3_label_size":18,"others_3_logo_width":90,"others_3_mobile_logo_width":60,"checkmark_style":"regular","checkmark_color":"#ffffff","checkmark_bg_color":"#53af01","x_style":"regular","x_color":"#121212","x_bg_color":"#dbdbdb","opposite_icon_colors":"original","highlighted_color_scheme":"accent-1","highlighted_separator_opacity":0,"highlighted_overlay_opacity":0,"other_cells_color_scheme":"background-1","regular_separator_opacity":10,"regular_overlay_opacity":0,"minimalistic_border_opacity":16,"padding_top":36,"padding_bottom":36,"custom_colors_background":"#ffffff","custom_gradient_background":"","custom_colors_text":"#2e2a39","custom_colors_solid_button_background":"#dd1d1d","custom_colors_solid_button_text":"#ffffff","custom_colors_outline_button":"#dd1d1d","custom_colors_highlighted_background":"#2e2a39","custom_colors_highlighted_text":"#ffffff","custom_colors_others_background":"#ffffff","custom_colors_others_text":"#2e2a39"}},"6aa09428-a417-429d-9159-a4e8afd49590":{"type":"icon-bar","blocks":{"template--21507361505575__6aa09428-a417-429d-9159-a4e8afd49590-column-1":{"type":"column","settings":{"icon":"check_circle","filled_icon":false,"title":"Icon","text":"<p>Pair text with an icon to focus on your chosen product, collection, or blog post<p>"}},"template--21507361505575__6aa09428-a417-429d-9159-a4e8afd49590-column-2":{"type":"column","settings":{"icon":"check_circle","filled_icon":false,"title":"Icon","text":"<p>Pair text with an icon to focus on your chosen product, collection, or blog post<p>"}},"template--21507361505575__6aa09428-a417-429d-9159-a4e8afd49590-column-3":{"type":"column","settings":{"icon":"check_circle","filled_icon":false,"title":"Icon","text":"<p>Pair text with an icon to focus on your chosen product, collection, or blog post<p>"}},"template--21507361505575__6aa09428-a417-429d-9159-a4e8afd49590-column-4":{"type":"column","settings":{"icon":"check_circle","filled_icon":false,"title":"Icon","text":"<p>Pair text with an icon to focus on your chosen product, collection, or blog post<p>"}}},"block_order":["template--21507361505575__6aa09428-a417-429d-9159-a4e8afd49590-column-1","template--21507361505575__6aa09428-a417-429d-9159-a4e8afd49590-column-2","template--21507361505575__6aa09428-a417-429d-9159-a4e8afd49590-column-3","template--21507361505575__6aa09428-a417-429d-9159-a4e8afd49590-column-4"],"settings":{"display_id":false,"visibility":"always-display","title":"Icon bar","title_highlight_color":"#6d388b","heading_size":"h1","text":"","color_scheme":"background-1","icon_layout":"vertical","icon_size":"medium","icon_color":"accent-1","cards_color_scheme":"background-1","type":"slide","autoplay":false,"autoplay_speed":5,"arrows_color_scheme":"inverse","transparent_arrows":true,"dots_color_scheme":"inverse","desktop_full_page":false,"columns_desktop":4,"slider_desktop":false,"per_move_desktop":1,"desktop_spacing":40,"desktop_side_padding":0,"desktop_padding_calc":true,"desktop_adaptive_height":false,"desktop_dots_position":"under","desktop_arrows_position":"sides","columns_mobile":"1","slider_mobile":true,"enable_mobile_preview":false,"mobile_adaptive_height":false,"mobile_dots_position":"under","mobile_arrows_position":"under","padding_top":36,"padding_bottom":36,"custom_colors_background":"#ffffff","custom_gradient_background":"","custom_colors_text":"#2e2a39","custom_cards_colors_background":"#f3f3f3","custom_cards_gradient_background":"","custom_cards_colors_text":"#2e2a39"}},"0f1fc9e4-bc4c-4052-9747-62d1f8472caa":{"type":"results","blocks":{"template--21507361505575__0f1fc9e4-bc4c-4052-9747-62d1f8472caa-row-1":{"type":"row","settings":{"percentage":90,"row_text":"<p>Noticed that this product has significantly improved their life.<\/p>"}},"template--21507361505575__0f1fc9e4-bc4c-4052-9747-62d1f8472caa-row-2":{"type":"row","settings":{"percentage":90,"row_text":"<p>Noticed that this product has significantly improved their life.<\/p>"}},"template--21507361505575__0f1fc9e4-bc4c-4052-9747-62d1f8472caa-row-3":{"type":"row","settings":{"percentage":90,"row_text":"<p>Noticed that this product has significantly improved their life.<\/p>"}}},"block_order":["template--21507361505575__0f1fc9e4-bc4c-4052-9747-62d1f8472caa-row-1","template--21507361505575__0f1fc9e4-bc4c-4052-9747-62d1f8472caa-row-2","template--21507361505575__0f1fc9e4-bc4c-4052-9747-62d1f8472caa-row-3"],"settings":{"display_id":false,"visibility":"always-display","title":"Results","title_highlight_color":"#6d388b","heading_size":"h1","text":"<p>Talk about results of your customers and how your product improved their life.<\/p>","video_muted_autoplay":true,"color_scheme":"background-1","layout":"results_second","results_headline":"Results heading","results_title_highlight_color":"#6d388b","results_headline_size":"h2","results_text":"","results_headline_alignment":"left","caption":"<p>Caption about the results and\/or link for their proof.<\/p>","button_label":"","link":"","button_style_secondary":false,"atc_button_label":"","atc_product":"","atc_skip_cart":false,"padding_top":36,"padding_bottom":36,"custom_colors_background":"#ffffff","custom_gradient_background":"","custom_colors_text":"#2e2a39","custom_colors_accent":"#dd1d1d","custom_colors_solid_button_background":"#dd1d1d","custom_colors_solid_button_text":"#ffffff","custom_colors_outline_button":"#dd1d1d"}},"contact_form_WHP8G7":{"type":"contact-form","blocks":{"field_row_fNxBGi":{"type":"field_row","settings":{"input_1_enabled":true,"input_1_type":"name","input_1_required":false,"input_1_error_message":"This field is required","input_1_custom_name":"Custom input name","input_2_enabled":true,"input_2_type":"email","input_2_required":false,"input_2_error_message":"This field is required","input_2_custom_name":"Custom input name"}},"field_row_f84rat":{"type":"field_row","settings":{"input_1_enabled":true,"input_1_type":"phone","input_1_required":false,"input_1_error_message":"This field is required","input_1_custom_name":"Custom input name","input_2_enabled":false,"input_2_type":"custom","input_2_required":false,"input_2_error_message":"This field is required","input_2_custom_name":"Custom input name"}},"textarea_NbxXax":{"type":"textarea","settings":{"input_type":"comment","input_required":false,"input_error_message":"This field is required","input_custom_name":"Custom name"}}},"block_order":["field_row_fNxBGi","field_row_f84rat","textarea_NbxXax"],"settings":{"display_id":false,"visibility":"always-display","title":"Contact form","title_highlight_color":"#6d388b","heading_size":"h1","button_full_width":true,"color_scheme":"background-1","success_icon":"check_circle","success_icon_filled":false,"success_text_color":"#28c100","success_bg_color":"#f2ffed","success_border_radius":8,"success_border_width":1,"success_border_color":"#28c100","errors_icon":"error","errors_icon_filled":false,"errors_text_color":"#ff0000","errors_bg_color":"#fff5f5","errors_border_radius":8,"errors_border_width":1,"errors_border_color":"#ff0000","padding_top":36,"padding_bottom":36,"custom_colors_background":"#ffffff","custom_gradient_background":"","custom_colors_text":"#2e2a39","custom_colors_solid_button_background":"#dd1d1d","custom_colors_solid_button_text":"#ffffff"}}},"order":["cfca4268-6358-426c-98ab-d292aeef11e5","d2d3417b-e92f-428c-b221-5bceffb552be","6aa09428-a417-429d-9159-a4e8afd49590","0f1fc9e4-bc4c-4052-9747-62d1f8472caa","contact_form_WHP8G7"]}