{"sections":{"main":{"type":"main-page","settings":{"padding_top":36,"padding_bottom":36}},"newsletter":{"type":"newsletter","blocks":{"heading":{"type":"heading","settings":{"title":"Subscribe to our emails","title_highlight_color":"#6d388b","heading_size":"h1"}},"paragraph":{"type":"paragraph","settings":{"text":"<p>Join our email list for exclusive offers and the latest news. <\/p>"}},"email-form":{"type":"email_form","settings":{}}},"block_order":["heading","paragraph","email-form"],"settings":{"display_id":false,"visibility":"always-display","button_type":"solid","button_label":"Sign up","button_style_secondary":false,"color_scheme":"background-2","full_width":true,"padding_top":68,"padding_bottom":52,"custom_colors_background":"#ffffff","custom_gradient_background":"","custom_colors_text":"#2e2a39","custom_colors_solid_button_background":"#dd1d1d","custom_colors_solid_button_text":"#ffffff"}}},"order":["main","newsletter"]}