{"sections":{"main":{"type":"main-product","blocks":{"title":{"type":"title","settings":{"text_size":"h1","title_alignment":"left","uppercase_title":false,"margin_top":0,"margin_bottom":0}},"a6eb81db-40e4-43e0-972f-32db010a4a56":{"type":"rating_stars","settings":{"rating":4.4,"star_color":"#ffcc00","bg_stars_style":"full","bg_star_color":"#ececec","label":"(xxxx Reviews)","size":16,"alignment":"flex-start","scroll_id":"","margin_top":0,"margin_bottom":9}},"price":{"type":"price","settings":{"price_layout":"price-first","price_color":"accent-1","compare_price_color":"text","regular_price_size":25,"sale_price_size":20,"compare_price_size":16,"displayed_badge":"sale","icon_scale":140,"sale_badge_color":"accent-2","custom_badge_text":"[icon_1] SPECIAL OFFER","icon_1":"redeem","filled_icon_1":false,"icon_2":"check_circle","filled_icon_2":false,"margin_top":9,"margin_bottom":15}},"5fcc0428-e768-4cb7-bea3-eb0274198dd1":{"type":"variant_picker","settings":{"picker_types":"pills, dropdown, dropdown","custom_labels":"[name] - [selected]","skip_unavailable":false,"swatches_size":"medium","swatches_custom_colors":"disabled","swatches_custom_colors_list":"#000000, #6D388B, #0000FF, #FFCC00","full_width_dropdowns":false,"breaks_style":"normal","breaks_headline":"BUNDLE & SAVE","breaks_prices_layout":"price-first-vertical","breaks_display_selected_indicator":true,"breaks_border_radius":10,"breaks_border_width":2,"breaks_color_scheme":"accent-1","breaks_vertical_items_align":"flex-start","breaks_badges":"[empty], Most popular, [empty]","breaks_badge_style":"1","breaks_badge_color":"accent-1","breaks_displayed_images":"variant_images","breaks_custom_images":"","breaks_image_width":70,"breaks_space_images":true,"breaks_vertical_images_position":"top","breaks_labels":"[name], [name], [name]","breaks_benefits":"[empty], Free Shipping, Free Shipping","breaks_benefit_position":"top","breaks_benefit_style":"outlined","breaks_benefit_color":"accent-1","breaks_captions":"Variant 1 caption, Variant 2 caption, Variant 3 caption","breaks_price_texts":"[price], [price], [price]","breaks_compare_price_texts":"[compare_price], [compare_price], [compare_price]","margin_top":15,"margin_bottom":15}},"quantity_selector_4KXChJ":{"type":"quantity_selector","settings":{"full_width_classic":false,"atc_append":"none","atc_append_heights":"stretch-quantity","enable_quantity_discounts":true,"headline":"BUNDLE & SAVE","style":"normal","preselected":"option_1","update_pdp_prices":false,"prices_layout":"price-first-vertical","display_selected_indicator":true,"border_radius":10,"border_width":2,"color_scheme":"accent-1","accent_color":"accent-1","enable_variant_selectors":true,"pickers_label":"","enable_variant_selectors_on_quantity_of_1":false,"update_prices":false,"pickers_number_text":"<strong>#[index]<\/strong>","show_selected_variant_images":false,"variant_images_position":"middle","skip_unavailable":false,"full_width_pickers":false,"hide_pickers_overlay":true,"indicator_top":true,"scroll_media_gallery":true,"image_width":70,"vertical_items_align":"flex-start","space_images":true,"vertical_images_position":"top","hide_upsells_on_non_selected":true,"upsells_primary_style_bg_color":"#6d388b","upsells_primary_style_text_color":"#ffffff","upsells_primary_style_badge_color_scheme":"inverse","upsells_secondary_style_bg_color":"#e6dcf0","upsells_secondary_style_text_color":"#121212","upsells_secondary_style_badge_color_scheme":"accent-1","upsells_badge_radius":45,"upsell_1_product":"","upsell_1_min_offer":"2","upsell_1_type":"checkbox_preselected","upsell_1_design":"primary","upsell_1_badge_position":"left","upsell_1_text_left":"Add [title]","upsell_1_text_right":"<strong>[price]<\/strong>","upsell_1_badge_text":"","upsell_2_product":"","upsell_2_min_offer":"2","upsell_2_type":"checkbox_preselected","upsell_2_design":"primary","upsell_2_badge_position":"left","upsell_2_text_left":"Add [title]","upsell_2_text_right":"<strong>[price]<\/strong>","upsell_2_badge_text":"","upsell_3_product":"","upsell_3_min_offer":"2","upsell_3_type":"checkbox_preselected","upsell_3_design":"primary","upsell_3_badge_position":"left","upsell_3_text_left":"Add [title]","upsell_3_text_right":"<strong>[price]<\/strong>","upsell_3_badge_text":"","option_1_quantity":1,"option_1_percentage_off_text":"0","option_1_fixed_amount_off":"0","option_1_compare_price":"compare_price","option_1_badge":"","option_1_label":"<strong>Buy [quantity]<\/strong>","option_1_benefit":"","option_1_caption":"You save [amount_saved]","option_1_price_text":"<em><strong>[price]<\/strong><\/em>","option_1_compare_price_text":"[compare_price]","option_1_badge_style":"1","option_1_badge_color":"accent-1","option_1_benefit_position":"top","option_1_benefit_style":"outlined","option_1_benefit_radius":45,"option_1_benefit_color":"accent-1","option_2_quantity":2,"option_2_percentage_off_text":"0","option_2_fixed_amount_off":"0","option_2_compare_price":"compare_price","option_2_badge":"","option_2_label":"<strong>Buy [quantity]<\/strong>","option_2_benefit":"","option_2_caption":"You save [amount_saved]","option_2_price_text":"<em><strong>[price]<\/strong><\/em>","option_2_compare_price_text":"[compare_price]","option_2_badge_style":"1","option_2_badge_color":"accent-1","option_2_benefit_position":"top","option_2_benefit_style":"outlined","option_2_benefit_radius":45,"option_2_benefit_color":"accent-1","option_3_quantity":3,"option_3_percentage_off_text":"0","option_3_fixed_amount_off":"0","option_3_compare_price":"compare_price","option_3_badge":"","option_3_label":"<strong>Buy [quantity]<\/strong>","option_3_benefit":"","option_3_caption":"You save [amount_saved]","option_3_price_text":"<em><strong>[price]<\/strong><\/em>","option_3_compare_price_text":"[compare_price]","option_3_badge_style":"1","option_3_badge_color":"accent-1","option_3_benefit_position":"top","option_3_benefit_style":"outlined","option_3_benefit_radius":45,"option_3_benefit_color":"accent-1","option_4_quantity":4,"option_4_percentage_off_text":"0","option_4_fixed_amount_off":"0","option_4_compare_price":"compare_price","option_4_badge":"","option_4_label":"<strong>Buy [quantity]<\/strong>","option_4_benefit":"","option_4_caption":"You save [amount_saved]","option_4_price_text":"<em><strong>[price]<\/strong><\/em>","option_4_compare_price_text":"[compare_price]","option_4_badge_style":"1","option_4_badge_color":"accent-1","option_4_benefit_position":"top","option_4_benefit_style":"outlined","option_4_benefit_radius":45,"option_4_benefit_color":"accent-1","margin_top":15,"margin_bottom":15}},"buy_buttons":{"type":"buy_buttons","settings":{"show_dynamic_checkout":false,"skip_cart":false,"uppercase_text":true,"icon_scale":120,"icon_spacing":10,"atc_custom_label":"","display_price":false,"price_position":"left","price_separator":"•","enable_custom_color":false,"custom_color":"#53af01","custom_text_color":"#ffffff","enable_secondary_btn":true,"secondary_btn_label":"Buy It Now","secondary_btn_enable_custom_color":false,"secondary_btn_custom_color":"#dd1d1d","margin_top":24,"margin_bottom":24}},"e0a0b690-50df-4ca4-acfd-ce2980696cce":{"type":"shipping_checkpoints","settings":{"icon_1":"add_shopping_cart","filled_icon_1":false,"top_text_1":"<strong>[start_date]<\/strong>","bottom_text_1":"Ordered","min_days_1":0,"max_days_1":0,"icon_2":"local_shipping","filled_icon_2":false,"top_text_2":"<strong>[start_date] - [end_date]<\/strong>","bottom_text_2":"Order Ready","min_days_2":1,"max_days_2":2,"icon_3":"redeem","filled_icon_3":false,"top_text_3":"<strong>[start_date] - [end_date]<\/strong>","bottom_text_3":"Delivered","min_days_3":10,"max_days_3":12,"icon_4":"","filled_icon_4":false,"top_text_4":"","bottom_text_4":"","date_format":"mm_dd","days_labels":"Mon, Tue, Wed, Thu, Fri, Sat, Sun","months_labels":"Jan, Feb, Mar, Apr, May, Jun, Jul, Aug, Sep, Oct, Nov, Dec","color_scheme":"inverse","margin_top":24,"margin_bottom":24}},"e7a28cbe-03cb-4c9d-a2c4-0e3e76ffb3e5":{"type":"sticky_atc","settings":{"function":"add_to_cart","display_when":"after_scroll","button_label":"Add to cart","enable_custom_btn_color":false,"custom_btn_color":"#dd1d1d","color_scheme":"background-1","star_color":"#ffcc00","stars_label":"(xxxx Reviews)","picker_type":"combined","desktop_show_image":true,"desktop_show_title":true,"desktop_rating_stars":false,"desktop_show_price":true,"desktop_show_sale_badge":true,"desktop_variant_picker":true,"desktop_full_button_width":false,"desktop_show_price_in_button":false,"desktop_transparent_bg":false,"mobile_show_image":false,"mobile_show_title":true,"mobile_rating_stars":false,"mobile_show_price":true,"mobile_show_sale_badge":false,"mobile_variant_picker":false,"mobile_full_button_width":false,"mobile_show_price_in_button":false,"mobile_transparent_bg":false}},"description":{"type":"description","settings":{"margin_top":24,"margin_bottom":24}},"reviews_8UgFbe":{"type":"reviews","settings":{"color_scheme":"background-1","show_custom_bg":false,"custom_bg_color":"#f2f2f2","corner_radius":12,"border_width":0,"border_color":"#b7b7b7","avatar_alignment":"top","avatar_corner_radius":40,"star_color":"#ffcc00","stars_translate":0,"checkmark_color":"#6d388b","checkmark_icon_color":"#ffffff","slider_type":"slide","autoplay":false,"autoplay_speed":5,"display_arrows":false,"display_dots":true,"author_1":"<em>Author<\/em> [stars]","text_1":"<p>Share positive thoughts and feedback from your customer.<\/p>","author_2":"<em>Author<\/em> [stars]","text_2":"<p>Share positive thoughts and feedback from your customer.<\/p>","author_3":"<em>Author<\/em> [stars]","text_3":"<p>Share positive thoughts and feedback from your customer.<\/p>","margin_top":24,"margin_bottom":24}},"de158e68-5d0d-4819-a625-e2dabdff87d1":{"type":"collapsible_tab","settings":{"heading":"Collapsible row","heading_size":"medium","icon":"check_box","filled_icon":false,"collapse_icon":"carret","display_top_border":true,"open":false,"content":"","page":"","margin_top":24,"margin_bottom":0}}},"block_order":["title","a6eb81db-40e4-43e0-972f-32db010a4a56","price","5fcc0428-e768-4cb7-bea3-eb0274198dd1","quantity_selector_4KXChJ","buy_buttons","e0a0b690-50df-4ca4-acfd-ce2980696cce","e7a28cbe-03cb-4c9d-a2c4-0e3e76ffb3e5","description","reviews_8UgFbe","de158e68-5d0d-4819-a625-e2dabdff87d1"],"custom_css":[],"settings":{"display_id":false,"enable_sticky_info":true,"color_scheme":"background-1","display_variant_image_first":false,"disable_prepend":true,"hide_variants":false,"variant_image_filtering":"none","image_zoom":"none","thumbnails_ratio":"square","arrows_color_scheme":"inverse","transparent_arrows":false,"dots_color_scheme":"inverse","video_player":"play_btn","enable_video_looping":false,"autoplay_videos_pause_btn":false,"video_sound_btn":false,"video_timeline":false,"play_btn_color_scheme":"accent-1","sound_btn_color_scheme":"inverse","timeline_color":"accent-1","media_size":"medium","media_position":"left","gallery_layout":"thumbnail_slider","desktop_thumbnails_position":"bottom","desktop_thumbnails_count":5,"desktop_vertical_thumbnails_width":16,"desktop_vertical_thumbnails_hide_arrows":false,"constrain_to_viewport":true,"media_fit":"contain","desktop_arrows_position":"hidden","mobile_media_corner_radius":0,"mobile_spacing_pixels":0,"mobile_arrows_position":"sides","mobile_pagination":"dots_overlay","mobile_thumbnails_position":"hidden","mobile_thumbnails_count":5,"mobile_vertical_thumbnails_width":22,"mobile_vertical_thumbnails_hide_arrows":true,"mobile_scroll_padding_percentage":0,"mobile_scroll_padding_pixels":14,"enable_mobile_outher_spacing":false,"mobile_slides_container_width":100,"mobile_slides_inner_width":100,"trust_badge_position":"top-right","trust_badge_size":"medium","mobile_padding_top":0,"mobile_padding_bottom":16,"desktop_padding_top":36,"desktop_padding_bottom":36}},"related-products":{"type":"related-products","disabled":true,"settings":{"display_id":false,"title":"You may also like","title_highlight_color":"#6d388b","heading_size":"h2","products_to_show":4,"stretch_cards":false,"columns_desktop":4,"color_scheme":"background-1","image_ratio":"adapt","show_secondary_image":false,"show_vendor":false,"show_rating":false,"enable_quick_add":false,"columns_mobile":"2","padding_top":36,"padding_bottom":24}},"8beb6911-28c6-482c-976a-e5421ad3e8df":{"type":"custom-columns","blocks":{"template--21507361800487__8beb6911-28c6-482c-976a-e5421ad3e8df-heading-1":{"type":"heading","settings":{"column":"col_1","visibility":"always-display","heading":"Custom columns","title_highlight_color":"#6d388b","heading_size":"h1","alignment":"center","mobile_alignment":"mobile-center","margin_top":20,"margin_bottom":20}},"template--21507361800487__8beb6911-28c6-482c-976a-e5421ad3e8df-richtext-1":{"type":"richtext","settings":{"column":"col_1","visibility":"always-display","text":"<p>Use the flexible grid system to create any layout. Each block can be placed in any of the columns.<\/p>","text_style":"body","alignment":"center","mobile_alignment":"mobile-center","margin_top":20,"margin_bottom":20}},"template--21507361800487__8beb6911-28c6-482c-976a-e5421ad3e8df-icon_with_text-1":{"type":"icon_with_text","settings":{"column":"col_2","visibility":"always-display","icon":"check_circle","filled_icon":false,"icon_size":"m","icon_position":"next-to-title","icon_color":"accent-1","icon_heading_size":"h3","icon_text_alignment":"left","title":"Icon with text","text":"<p>Pair text with an icon to focus on your chosen product, collection, or blog post<\/p>","margin_top":20,"margin_bottom":30}},"template--21507361800487__8beb6911-28c6-482c-976a-e5421ad3e8df-icon_with_text-2":{"type":"icon_with_text","settings":{"column":"col_2","visibility":"always-display","icon":"check_circle","filled_icon":false,"icon_size":"m","icon_position":"next-to-title","icon_color":"accent-1","icon_heading_size":"h3","icon_text_alignment":"left","title":"Icon with text","text":"<p>Pair text with an icon to focus on your chosen product, collection, or blog post<\/p>","margin_top":20,"margin_bottom":20}},"template--21507361800487__8beb6911-28c6-482c-976a-e5421ad3e8df-image-1":{"type":"image","settings":{"column":"col_3","visibility":"always-display","width":100,"alignment":"center","mobile_alignment":"center","border_radius":0,"margin_top":20,"margin_bottom":20}},"template--21507361800487__8beb6911-28c6-482c-976a-e5421ad3e8df-icon_with_text-3":{"type":"icon_with_text","settings":{"column":"col_4","visibility":"always-display","icon":"check_circle","filled_icon":false,"icon_size":"m","icon_position":"next-to-title","icon_color":"accent-1","icon_heading_size":"h3","icon_text_alignment":"left","title":"Icon with text","text":"<p>Pair text with an icon to focus on your chosen product, collection, or blog post<\/p>","margin_top":20,"margin_bottom":30}},"template--21507361800487__8beb6911-28c6-482c-976a-e5421ad3e8df-icon_with_text-4":{"type":"icon_with_text","settings":{"column":"col_4","visibility":"always-display","icon":"check_circle","filled_icon":false,"icon_size":"m","icon_position":"next-to-title","icon_color":"accent-1","icon_heading_size":"h3","icon_text_alignment":"left","title":"Icon with text","text":"<p>Pair text with an icon to focus on your chosen product, collection, or blog post<\/p>","margin_top":20,"margin_bottom":20}}},"block_order":["template--21507361800487__8beb6911-28c6-482c-976a-e5421ad3e8df-heading-1","template--21507361800487__8beb6911-28c6-482c-976a-e5421ad3e8df-richtext-1","template--21507361800487__8beb6911-28c6-482c-976a-e5421ad3e8df-icon_with_text-1","template--21507361800487__8beb6911-28c6-482c-976a-e5421ad3e8df-icon_with_text-2","template--21507361800487__8beb6911-28c6-482c-976a-e5421ad3e8df-image-1","template--21507361800487__8beb6911-28c6-482c-976a-e5421ad3e8df-icon_with_text-3","template--21507361800487__8beb6911-28c6-482c-976a-e5421ad3e8df-icon_with_text-4"],"settings":{"display_id":false,"visibility":"always-display","color_scheme":"background-1","display_grid_lines":false,"columns_count":4,"desktop_page_width":"normal","column_gap_desktop":40,"row_gap_desktop":40,"desktop_vertical_alignment":"center","mobile_full_page":false,"column_gap_mobile":20,"row_gap_mobile":30,"mobile_vertical_alignment":"flex-start","col_1_desktop_width":12,"col_1_mobile_width":4,"col_1_visibility":"always-display","col_2_desktop_width":4,"col_2_mobile_width":4,"col_2_visibility":"always-display","col_3_desktop_width":4,"col_3_mobile_width":4,"col_3_visibility":"always-display","col_4_desktop_width":4,"col_4_mobile_width":4,"col_4_visibility":"always-display","col_5_desktop_width":3,"col_5_mobile_width":4,"col_5_visibility":"always-display","col_6_desktop_width":3,"col_6_mobile_width":4,"col_6_visibility":"always-display","padding_top":36,"padding_bottom":36,"custom_colors_background":"#ffffff","custom_gradient_background":"","custom_colors_text":"#2e2a39","custom_colors_solid_button_background":"#dd1d1d","custom_colors_solid_button_text":"#ffffff","custom_colors_outline_button":"#dd1d1d"}},"eba88da5-80ac-47fc-aa75-997cfe7b2e59":{"type":"image-slider","blocks":{"template--21507361800487__eba88da5-80ac-47fc-aa75-997cfe7b2e59-image_slide-1":{"type":"image_slide","settings":{"link":"","description":"","desc_alignment":"center","desc_color_scheme":"background-2"}},"template--21507361800487__eba88da5-80ac-47fc-aa75-997cfe7b2e59-image_slide-2":{"type":"image_slide","settings":{"link":"","description":"","desc_alignment":"center","desc_color_scheme":"background-2"}},"template--21507361800487__eba88da5-80ac-47fc-aa75-997cfe7b2e59-image_slide-3":{"type":"image_slide","settings":{"link":"","description":"","desc_alignment":"center","desc_color_scheme":"background-2"}},"template--21507361800487__eba88da5-80ac-47fc-aa75-997cfe7b2e59-image_slide-4":{"type":"image_slide","settings":{"link":"","description":"","desc_alignment":"center","desc_color_scheme":"background-2"}}},"block_order":["template--21507361800487__eba88da5-80ac-47fc-aa75-997cfe7b2e59-image_slide-1","template--21507361800487__eba88da5-80ac-47fc-aa75-997cfe7b2e59-image_slide-2","template--21507361800487__eba88da5-80ac-47fc-aa75-997cfe7b2e59-image_slide-3","template--21507361800487__eba88da5-80ac-47fc-aa75-997cfe7b2e59-image_slide-4"],"settings":{"display_id":false,"visibility":"always-display","title":"Image\/Video Slider","title_highlight_color":"#6d388b","heading_size":"h1","color_scheme":"background-1","type":"slide","drag":"enabled","autoplay":false,"autoplay_speed":5,"center_mode":false,"arrows_color_scheme":"inverse","transparent_arrows":false,"dots_color_scheme":"inverse","desktop_page_width":"normal","desktop_border_radius":0,"slides_desktop":3,"per_move_desktop":1,"desktop_spacing":28,"desktop_side_padding":0,"desktop_padding_calc":true,"desktop_adaptive_height":false,"desktop_dots_position":"under","desktop_arrows_position":"sides","mobile_full_page":false,"mobile_border_radius":0,"slides_mobile":2,"per_move_mobile":1,"mobile_spacing":12,"mobile_side_padding":0,"mobile_padding_calc":true,"mobile_adaptive_height":false,"mobile_dots_position":"under","mobile_arrows_position":"sides","padding_top":36,"padding_bottom":36,"custom_colors_background":"#ffffff","custom_gradient_background":"","custom_colors_text":"#121212"}},"4fc05ee5-1c30-4863-b88f-81cb6fa7c41a":{"type":"icons-with-content","blocks":{"template--21507361800487__4fc05ee5-1c30-4863-b88f-81cb6fa7c41a-icon-1":{"type":"icon","settings":{"icon":"check_circle","filled_icon":false,"title":"Icon with text","text":"<p>Pair text with an icon to focus on your chosen product, collection, or blog post<\/p>"}},"template--21507361800487__4fc05ee5-1c30-4863-b88f-81cb6fa7c41a-icon-2":{"type":"icon","settings":{"icon":"check_circle","filled_icon":false,"title":"Icon with text","text":"<p>Pair text with an icon to focus on your chosen product, collection, or blog post<\/p>"}},"template--21507361800487__4fc05ee5-1c30-4863-b88f-81cb6fa7c41a-icon-3":{"type":"icon","settings":{"icon":"check_circle","filled_icon":false,"title":"Icon with text","text":"<p>Pair text with an icon to focus on your chosen product, collection, or blog post<\/p>"}},"template--21507361800487__4fc05ee5-1c30-4863-b88f-81cb6fa7c41a-heading-1":{"type":"heading","settings":{"title":"Content heading","title_highlight_color":"#6d388b","heading_size":"h1"}},"template--21507361800487__4fc05ee5-1c30-4863-b88f-81cb6fa7c41a-text-1":{"type":"text","settings":{"text":"<p>Pair icons with content to focus on your chosen product, collection, or blog post. Add details on availability, style, or even provide a review.<\/p>","text_style":"body"}},"template--21507361800487__4fc05ee5-1c30-4863-b88f-81cb6fa7c41a-button-1":{"type":"button","settings":{"button_label":"Button label","button_link":"","button_style_secondary":false}}},"block_order":["template--21507361800487__4fc05ee5-1c30-4863-b88f-81cb6fa7c41a-icon-1","template--21507361800487__4fc05ee5-1c30-4863-b88f-81cb6fa7c41a-icon-2","template--21507361800487__4fc05ee5-1c30-4863-b88f-81cb6fa7c41a-icon-3","template--21507361800487__4fc05ee5-1c30-4863-b88f-81cb6fa7c41a-heading-1","template--21507361800487__4fc05ee5-1c30-4863-b88f-81cb6fa7c41a-text-1","template--21507361800487__4fc05ee5-1c30-4863-b88f-81cb6fa7c41a-button-1"],"settings":{"display_id":false,"visibility":"always-display","color_scheme":"background-1","icon_size":"m","icon_position":"next-to-title","icon_color":"accent-1","icon_heading_size":"h3","icon_text_alignment":"left","icons_desktop_layout":"1-column","icons_mobile_layout":"1-column","desktop_content_alignment":"left","layout":"image_first","mobile_layout":"text_first","hide_content_on_mobile":false,"padding_top":36,"padding_bottom":36,"custom_colors_background":"#ffffff","custom_gradient_background":"","custom_colors_text":"#2e2a39","custom_colors_solid_button_background":"#dd1d1d","custom_colors_solid_button_text":"#ffffff","custom_colors_outline_button":"#dd1d1d"}},"55bd100e-3bbd-426c-a5cf-eed7b2a3706f":{"type":"testimonials","blocks":{"template--21507361800487__55bd100e-3bbd-426c-a5cf-eed7b2a3706f-column-1":{"type":"column","settings":{"star_rating":5,"title":"Heading","text":"<p>Share positive thoughts and feedback from your customer..<\/p>","author":"<em><strong>Author<\/strong><\/em>"}},"template--21507361800487__55bd100e-3bbd-426c-a5cf-eed7b2a3706f-column-2":{"type":"column","settings":{"star_rating":5,"title":"Heading","text":"<p>Share positive thoughts and feedback from your customer..<\/p>","author":"<em><strong>Author<\/strong><\/em>"}},"template--21507361800487__55bd100e-3bbd-426c-a5cf-eed7b2a3706f-column-3":{"type":"column","settings":{"star_rating":5,"title":"Heading","text":"<p>Share positive thoughts and feedback from your customer..<\/p>","author":"<em><strong>Author<\/strong><\/em>"}}},"block_order":["template--21507361800487__55bd100e-3bbd-426c-a5cf-eed7b2a3706f-column-1","template--21507361800487__55bd100e-3bbd-426c-a5cf-eed7b2a3706f-column-2","template--21507361800487__55bd100e-3bbd-426c-a5cf-eed7b2a3706f-column-3"],"settings":{"display_id":false,"visibility":"always-display","title":"Testimonials","title_highlight_color":"#6d388b","heading_size":"h1","text":"","color_scheme":"background-1","image_width":"full","image_ratio":"square","column_alignment":"center","show_stars":true,"inactive_stars_style":"solid","star_color":"#ffcc00","bg_star_color":"#ececec","show_quotes":true,"quotes_color_scheme":"accent-2","cards_color_scheme":"bg-overlay","type":"slide","autoplay":false,"autoplay_speed":5,"arrows_color_scheme":"inverse","transparent_arrows":true,"dots_color_scheme":"inverse","desktop_full_page":false,"columns_desktop":3,"slider_desktop":false,"per_move_desktop":1,"desktop_spacing":40,"desktop_side_padding":0,"desktop_padding_calc":true,"desktop_adaptive_height":false,"desktop_dots_position":"under","desktop_arrows_position":"sides","slider_mobile":true,"enable_mobile_preview":false,"mobile_adaptive_height":false,"mobile_dots_position":"under","mobile_arrows_position":"under","padding_top":36,"padding_bottom":36,"custom_colors_background":"#ffffff","custom_gradient_background":"","custom_colors_text":"#2e2a39","custom_cards_colors_background":"#f3f3f3","custom_cards_gradient_background":"","custom_cards_colors_text":"#2e2a39"}},"b321ab88-2b59-4dba-bade-54885c874ca5":{"type":"section-divider","settings":{"visibility":"always-display","shape":"waves_3","flip_horizontal":false,"flip_vertical":false,"shape_color":"accent-1","custom_shape_color":"#dd1d1d","background_color":"background-1","custom_background_color":"#ffffff","padding_top":0,"padding_bottom":0}}},"order":["main","related-products","8beb6911-28c6-482c-976a-e5421ad3e8df","eba88da5-80ac-47fc-aa75-997cfe7b2e59","4fc05ee5-1c30-4863-b88f-81cb6fa7c41a","55bd100e-3bbd-426c-a5cf-eed7b2a3706f","b321ab88-2b59-4dba-bade-54885c874ca5"]}